{"cameraMode":{"drawMode":0,"name":"Shaded","section":"Shading Mode"},"sceneLighting":true,"audioPlay":false,"sceneViewState":{"m_AlwaysRefresh":false,"showFog":true,"showSkybox":true,"showFlares":true,"showImageEffects":true,"showParticleSystems":true,"showVisualEffectGraphs":true,"m_FxEnabled":true},"in2DMode":false,"pivot":{"x":-3.046590566635132,"y":3.7783634662628176,"z":-6.708582401275635},"rotation":{"x":-0.11649294197559357,"y":0.06400666385889054,"z":-0.007533745374530554,"w":-0.9911216497421265},"size":0.3799399137496948,"orthographic":false}