{"cameraMode":{"drawMode":0,"name":"Shaded","section":"Shading Mode"},"sceneLighting":true,"audioPlay":false,"sceneViewState":{"m_AlwaysRefresh":false,"showFog":true,"showSkybox":true,"showFlares":true,"showImageEffects":true,"showParticleSystems":true,"showVisualEffectGraphs":true,"m_FxEnabled":true},"in2DMode":false,"pivot":{"x":-0.013746023178100586,"y":0.8876513242721558,"z":-0.06729242205619812},"rotation":{"x":0.24397790431976319,"y":-0.3809281885623932,"z":0.1049346998333931,"w":0.8856531977653503},"size":1.3361953496932984,"orthographic":false}