{"cameraMode":{"drawMode":0,"name":"Shaded","section":"Shading Mode"},"sceneLighting":false,"audioPlay":false,"sceneViewState":{"m_AlwaysRefresh":false,"showFog":false,"showSkybox":false,"showFlares":false,"showImageEffects":false,"showParticleSystems":false,"showVisualEffectGraphs":true,"m_FxEnabled":true},"in2DMode":false,"pivot":{"x":0.00011742115020751953,"y":0.8288854360580444,"z":0.013004571199417115},"rotation":{"x":-0.15924884378910066,"y":-0.5427625179290772,"z":0.10568670183420181,"w":-0.8178608417510986},"size":1.2772482633590699,"orthographic":false}